[
    {
        "name": "composer/installers",
        "version": "v1.9.0",
        "version_normalized": "1.9.0.0",
        "source": {
            "type": "git",
            "url": "https://github.com/composer/installers.git",
            "reference": "b93bcf0fa1fccb0b7d176b0967d969691cd74cca"
        },
        "dist": {
            "type": "zip",
            "url": "https://api.github.com/repos/composer/installers/zipball/b93bcf0fa1fccb0b7d176b0967d969691cd74cca",
            "reference": "b93bcf0fa1fccb0b7d176b0967d969691cd74cca",
            "shasum": ""
        },
        "require": {
            "composer-plugin-api": "^1.0 || ^2.0"
        },
        "replace": {
            "roundcube/plugin-installer": "*",
            "shama/baton": "*"
        },
        "require-dev": {
            "composer/composer": "1.6.* || 2.0.*@dev",
            "composer/semver": "1.0.* || 2.0.*@dev",
            "phpunit/phpunit": "^4.8.36",
            "sebastian/comparator": "^1.2.4",
            "symfony/process": "^2.3"
        },
        "time": "2020-04-07T06:57:05+00:00",
        "type": "composer-plugin",
        "extra": {
            "class": "Composer\\Installers\\Plugin",
            "branch-alias": {
                "dev-master": "1.0-dev"
            }
        },
        "installation-source": "dist",
        "autoload": {
            "psr-4": {
                "Composer\\Installers\\": "src/Composer/Installers"
            }
        },
        "notification-url": "https://packagist.org/downloads/",
        "license": [
            "MIT"
        ],
        "authors": [
            {
                "name": "Kyle Robinson Young",
                "email": "kyle@dontkry.com",
                "homepage": "https://github.com/shama"
            }
        ],
        "description": "A multi-framework Composer library installer",
        "homepage": "https://composer.github.io/installers/",
        "keywords": [
            "Craft",
            "Dolibarr",
            "Eliasis",
            "Hurad",
            "ImageCMS",
            "Kanboard",
            "Lan Management System",
            "MODX Evo",
            "MantisBT",
            "Mautic",
            "Maya",
            "OXID",
            "Plentymarkets",
            "Porto",
            "RadPHP",
            "SMF",
            "Thelia",
            "Whmcs",
            "WolfCMS",
            "agl",
            "aimeos",
            "annotatecms",
            "attogram",
            "bitrix",
            "cakephp",
            "chef",
            "cockpit",
            "codeigniter",
            "concrete5",
            "croogo",
            "dokuwiki",
            "drupal",
            "eZ Platform",
            "elgg",
            "expressionengine",
            "fuelphp",
            "grav",
            "installer",
            "itop",
            "joomla",
            "known",
            "kohana",
            "laravel",
            "lavalite",
            "lithium",
            "magento",
            "majima",
            "mako",
            "mediawiki",
            "modulework",
            "modx",
            "moodle",
            "osclass",
            "phpbb",
            "piwik",
            "ppi",
            "puppet",
            "pxcms",
            "reindex",
            "roundcube",
            "shopware",
            "silverstripe",
            "sydes",
            "sylius",
            "symfony",
            "typo3",
            "wordpress",
            "yawik",
            "zend",
            "zikula"
        ]
    },
    {
        "name": "phpmailer/phpmailer",
        "version": "v6.1.7",
        "version_normalized": "6.1.7.0",
        "source": {
            "type": "git",
            "url": "https://github.com/PHPMailer/PHPMailer.git",
            "reference": "2c2370ba3df7034f9eb7b8f387c97b52b2ba5ad0"
        },
        "dist": {
            "type": "zip",
            "url": "https://api.github.com/repos/PHPMailer/PHPMailer/zipball/2c2370ba3df7034f9eb7b8f387c97b52b2ba5ad0",
            "reference": "2c2370ba3df7034f9eb7b8f387c97b52b2ba5ad0",
            "shasum": ""
        },
        "require": {
            "ext-ctype": "*",
            "ext-filter": "*",
            "php": ">=5.5.0"
        },
        "require-dev": {
            "doctrine/annotations": "^1.2",
            "friendsofphp/php-cs-fixer": "^2.2",
            "phpunit/phpunit": "^4.8 || ^5.7"
        },
        "suggest": {
            "ext-mbstring": "Needed to send email in multibyte encoding charset",
            "hayageek/oauth2-yahoo": "Needed for Yahoo XOAUTH2 authentication",
            "league/oauth2-google": "Needed for Google XOAUTH2 authentication",
            "psr/log": "For optional PSR-3 debug logging",
            "stevenmaguire/oauth2-microsoft": "Needed for Microsoft XOAUTH2 authentication",
            "symfony/polyfill-mbstring": "To support UTF-8 if the Mbstring PHP extension is not enabled (^1.2)"
        },
        "time": "2020-07-14T18:50:27+00:00",
        "type": "library",
        "installation-source": "dist",
        "autoload": {
            "psr-4": {
                "PHPMailer\\PHPMailer\\": "src/"
            }
        },
        "notification-url": "https://packagist.org/downloads/",
        "license": [
            "LGPL-2.1-only"
        ],
        "authors": [
            {
                "name": "Marcus Bointon",
                "email": "phpmailer@synchromedia.co.uk"
            },
            {
                "name": "Jim Jagielski",
                "email": "jimjag@gmail.com"
            },
            {
                "name": "Andy Prevost",
                "email": "codeworxtech@users.sourceforge.net"
            },
            {
                "name": "Brent R. Matzelle"
            }
        ],
        "description": "PHPMailer is a full-featured email creation and transfer class for PHP"
    },
    {
        "name": "unionofrad/lithium",
        "version": "v1.2.0",
        "version_normalized": "1.2.0.0",
        "source": {
            "type": "git",
            "url": "https://github.com/UnionOfRAD/lithium.git",
            "reference": "2e8898ef83fd2f23bea078b5de5513e6ab49a97c"
        },
        "dist": {
            "type": "zip",
            "url": "https://api.github.com/repos/UnionOfRAD/lithium/zipball/2e8898ef83fd2f23bea078b5de5513e6ab49a97c",
            "reference": "2e8898ef83fd2f23bea078b5de5513e6ab49a97c",
            "shasum": ""
        },
        "require": {
            "composer/installers": "1.*",
            "php": "^5.6 || ~7.0.3 || ~7.1.0 || ~7.2.0 || ~7.3.0"
        },
        "suggest": {
            "ext-curl": "For the Curl Socket adapter.",
            "ext-memcached": "For the Memcache Cache adapter.",
            "ext-mongo": "For the MongoDb Datasource. ",
            "ext-openssl": "For the Encrypt Session strategy.",
            "ext-pdo": "For the MySql, Postgres and Sqlite Datasources.",
            "ext-redis": "For the Redis Cache adapter."
        },
        "time": "2019-09-13T11:00:21+00:00",
        "bin": [
            "console/li3"
        ],
        "type": "lithium-library",
        "installation-source": "dist",
        "notification-url": "https://packagist.org/downloads/",
        "license": [
            "BSD-3-Clause"
        ],
        "authors": [
            {
                "name": "Union of RAD"
            },
            {
                "name": "The Community"
            }
        ],
        "description": "The li₃ PHP framework",
        "homepage": "http://li3.me",
        "keywords": [
            "framework",
            "li3",
            "lithium"
        ]
    }
]
